slug,voice,text,en,post,dialect
ashil-hamm,female,أشيل هَمّ,"to worry about; to be anxious about",worry-guilt-disappointment-shami,shami
ahess-bil-dhanb,female,أحسّ بالذنب,"to feel guilty",worry-guilt-disappointment-shami,shami
bikhayyib-amal,female,بخيّب أمل,"I disappoint (someone)",worry-guilt-disappointment-shami,shami
bi3azzib-hali,female,بعذّب حالي,"I'm tormenting myself",worry-guilt-disappointment-shami,shami
diary-holidays-guilt,female,"جزء كبير من السبب اللي كان يخليني أشيل هم الأعياد هو إني كنت أحس بالذنب، وكأني عم بخيّب أمل أهلي.","A big part of what made me dread the holidays was that I felt guilty, as if I were letting my family down.",worry-guilt-disappointment-shami,shami
la-tshil-hamm-masc,female,"لا تشيل هم، كل شي رح يزبط.","Don't worry, it'll all work out. (masc.)",worry-guilt-disappointment-shami,shami
la-tshili-hamm-fem,female,"لا تشيلي هم، كل شي رح يزبط.","Don't worry, it'll all work out. (fem.)",worry-guilt-disappointment-shami,shami
bshil-hamm-imtihan,female,"بشيل هم الامتحان من هلّق.","I'm already worried about the exam.",worry-guilt-disappointment-shami,shami
bhess-bil-dhanb-ma-ttasalt,female,"بحس بالذنب إني ما اتصلت فيها.","I feel guilty that I didn't call her.",worry-guilt-disappointment-shami,shami
leish-haases-bil-dhanb,female,"ليش حاسس بالذنب؟ إنت ما عملت إشي غلط.","Why do you feel guilty? You didn't do anything wrong. (masc.)",worry-guilt-disappointment-shami,shami
ma-bddi-akhayyib-amalak,female,"ما بدي أخيّب أملك.","I don't want to disappoint you.",worry-guilt-disappointment-shami,shami
khayyabt-amali-masc,female,"خيّبت أملي.","You disappointed me. (masc.)",worry-guilt-disappointment-shami,shami
khayyabti-amali-fem,female,"خيّبتي أملي.","You disappointed me. (fem.)",worry-guilt-disappointment-shami,shami
khab-amali-lamma-ma-ija,female,"خاب أملي لما ما إجا.","I was disappointed when he didn't come.",worry-guilt-disappointment-shami,shami
battil-t3azzib-halak-masc,female,"بطّل تعذّب حالك.","Stop tormenting yourself. (masc.)",worry-guilt-disappointment-shami,shami
battili-t3azzibi-halek-fem,female,"بطّلي تعذّبي حالك.","Stop tormenting yourself. (fem.)",worry-guilt-disappointment-shami,shami
